taxonId,taxon
abies_grandis,Abies grandis
acaena_novae_zelandiae,Acaena novae-zelandiae
acer,Acer
acer_campestre,Acer campestre
acer_platanoides,Acer platanoides
acer_pseudoplatanus,Acer pseudoplatanus
achillea_millefolium,Achillea millefolium
achillea_ptarmica,Achillea ptarmica
adoxa_moschatellina,Adoxa moschatellina
aegopodium_podagraria,Aegopodium podagraria
agrimonia,Agrimonia
agrimonia_eupatoria,Agrimonia eupatoria
agrostis,Agrostis
agrostis_canina,Agrostis canina
agrostis_capillaris,Agrostis capillaris
agrostis_capillaris_x_stolonifera___a__x_murbeckii,Agrostis capillaris x stolonifera = A. x murbeckii
agrostis_curtisii,Agrostis curtisii
agrostis_gigantea,Agrostis gigantea
agrostis_stolonifera,Agrostis stolonifera
agrostis_vinealis,Agrostis vinealis
aira,Aira
aira_caryophyllea,Aira caryophyllea
aira_praecox,Aira praecox
ajuga_reptans,Ajuga reptans
alchemilla_filicaulis,Alchemilla filicaulis
alchemilla_filicaulis_subsp__vestita,Alchemilla filicaulis subsp. vestita
alchemilla_glabra,Alchemilla glabra
alchemilla_minima,Alchemilla minima
alchemilla_xanthochlora,Alchemilla xanthochlora
algae,Algae
alisma_plantago_aquatica,Alisma plantago-aquatica
allium_ampeloprasum,Allium ampeloprasum
allium_oleraceum,Allium oleraceum
allium_schoenoprasum,Allium schoenoprasum
allium_ursinum,Allium ursinum
allium_vineale,Allium vineale
alnus_glutinosa,Alnus glutinosa
alopecurus,Alopecurus
alopecurus_geniculatus,Alopecurus geniculatus
alopecurus_pratensis,Alopecurus pratensis
amblystegium,Amblystegium
amblystegium_serpens,Amblystegium serpens
ammophila_arenaria,Ammophila arenaria
anacamptis_morio,Anacamptis morio
anacamptis_pyramidalis,Anacamptis pyramidalis
anagallis_arvensis,Anagallis arvensis
anagallis_tenella,Anagallis tenella
anastrepta_orcadensis,Anastrepta orcadensis
andreaea_rothii,Andreaea rothii
andreaea_rupestris,Andreaea rupestris
andromeda_polifolia,Andromeda polifolia
anemone_nemorosa,Anemone nemorosa
aneura_pinguis,Aneura pinguis
angelica_sylvestris,Angelica sylvestris
anthophyta,Anthophyta
anthoxanthum_aristatum,Anthoxanthum aristatum
anthoxanthum_odoratum,Anthoxanthum odoratum
anthriscus_sylvestris,Anthriscus sylvestris
anthyllis_vulneraria,Anthyllis vulneraria
aphanes,Aphanes
aphanes_arvensis,Aphanes arvensis
aphanes_australis,Aphanes australis
apiaceae,Apiaceae
apium_nodiflorum,Apium nodiflorum
arabis_hirsuta,Arabis hirsuta
arctium_minus,Arctium minus
arctium_minus_nemorosum,Arctium minus/nemorosum
arenaria_serpyllifolia,Arenaria serpyllifolia
armeria_maritima,Armeria maritima
arrhenatherum_elatius,Arrhenatherum elatius
arum_maculatum,Arum maculatum
asparagus_officinalis,Asparagus officinalis
asperula_cynanchica,Asperula cynanchica
asplenium_adiantum_nigrum,Asplenium adiantum-nigrum
asplenium_ruta_muraria,Asplenium ruta-muraria
asplenium_trichomanes,Asplenium trichomanes
asplenium_trichomanes_subsp__quadrivalens,Asplenium trichomanes subsp. quadrivalens
asplenium_viride,Asplenium viride
aster,Aster
aster_laevis_x_novi_belgii___a__x_versicolor,Aster laevis x novi-belgii = A. x versicolor
aster_novi_belgii_subsp__novi_belgii,Aster novi-belgii subsp. novi-belgii
aster_novi_belgii_x_lanceolatus___a__x_salignus,Aster novi-belgii x lanceolatus = A. x salignus
aster_tripolium,Aster tripolium
asteraceae,Asteraceae
athyrium_filix_femina,Athyrium filix-femina
atrichum_undulatum,Atrichum undulatum
atriplex_patula,Atriplex patula
atriplex_portulacoides,Atriplex portulacoides
atriplex_prostrata,Atriplex prostrata
aulacomnium_androgynum,Aulacomnium androgynum
aulacomnium_palustre,Aulacomnium palustre
barbilophozia,Barbilophozia
barbula,Barbula
barbula_unguiculata,Barbula unguiculata
bellis_perennis,Bellis perennis
berula_erecta,Berula erecta
betula,Betula
betula_pendula,Betula pendula
betula_pendula_x_pubescens___b__x_aurata,Betula pendula x pubescens = B. x aurata
betula_pubescens,Betula pubescens
bidens_tripartita,Bidens tripartita
blackstonia_perfoliata,Blackstonia perfoliata
blechnum_spicant,Blechnum spicant
blepharostoma_trichophyllum,Blepharostoma trichophyllum
blysmus_compressus,Blysmus compressus
bolboschoenus_maritimus,Bolboschoenus maritimus
botrychium_lunaria,Botrychium lunaria
brachypodium,Brachypodium
brachypodium_pinnatum_s_l_,Brachypodium pinnatum s.l.
brachypodium_sylvaticum,Brachypodium sylvaticum
brachytheciastrum_velutinum,Brachytheciastrum velutinum
brachythecium,Brachythecium
brachythecium_albicans,Brachythecium albicans
brachythecium_mildeanum,Brachythecium mildeanum
brachythecium_rivulare,Brachythecium rivulare
brachythecium_rutabulum,Brachythecium rutabulum
breutelia_chrysocoma,Breutelia chrysocoma
briza_media,Briza media
bromopsis_erecta,Bromopsis erecta
bromopsis_ramosa,Bromopsis ramosa
bromus,Bromus
bromus_commutatus,Bromus commutatus
bromus_hordeaceus,Bromus hordeaceus
bromus_hordeaceus_subsp__ferronii,Bromus hordeaceus subsp. ferronii
bromus_hordeaceus_subsp__hordeaceus,Bromus hordeaceus subsp. hordeaceus
bromus_hordeaceus_subsp__thominei,Bromus hordeaceus subsp. thominei
bromus_racemosus,Bromus racemosus
bromus_sterilis,Bromus sterilis
bryonia_dioica,Bryonia dioica
bryophyta,Bryophyta
bryum,Bryum
bryum_argenteum,Bryum argenteum
bryum_bornholmense,Bryum bornholmense
bryum_caespiticium,Bryum caespiticium
bryum_capillare,Bryum capillare
bryum_dichotomum,Bryum dichotomum
bryum_moravicum,Bryum moravicum
bryum_pseudotriquetrum,Bryum pseudotriquetrum
bryum_rubens,Bryum rubens
bryum_subapiculatum,Bryum subapiculatum
butomus_umbellatus,Butomus umbellatus
calamagrostis,Calamagrostis
calamagrostis_canescens,Calamagrostis canescens
calamagrostis_epigejos,Calamagrostis epigejos
calliergon,Calliergon
calliergon_cordifolium,Calliergon cordifolium
calliergon_giganteum,Calliergon giganteum
calliergonella_cuspidata,Calliergonella cuspidata
callitriche_platycarpa,Callitriche platycarpa
callitriche_stagnalis,Callitriche stagnalis
calluna_vulgaris,Calluna vulgaris
caltha_palustris,Caltha palustris
calypogeia,Calypogeia
calypogeia_arguta,Calypogeia arguta
calypogeia_azurea,Calypogeia azurea
calypogeia_fissa,Calypogeia fissa
calypogeia_muelleriana,Calypogeia muelleriana
calystegia_sepium,Calystegia sepium
calystegia_sepium_subsp__sepium,Calystegia sepium subsp. sepium
campanula,Campanula
campanula_glomerata,Campanula glomerata
campanula_rotundifolia,Campanula rotundifolia
campylium_chrysophyllum,Campylium chrysophyllum
campylium_stellatum,Campylium stellatum
campylopus,Campylopus
campylopus_atrovirens,Campylopus atrovirens
campylopus_brevipilus,Campylopus brevipilus
campylopus_flexuosus,Campylopus flexuosus
campylopus_fragilis,Campylopus fragilis
campylopus_introflexus,Campylopus introflexus
campylopus_pyriformis,Campylopus pyriformis
cardamine,Cardamine
cardamine_flexuosa,Cardamine flexuosa
cardamine_hirsuta,Cardamine hirsuta
cardamine_impatiens,Cardamine impatiens
cardamine_pratensis,Cardamine pratensis
carduus_crispus_subsp__multiflorus,Carduus crispus subsp. multiflorus
carduus_nutans,Carduus nutans
carex,Carex
carex_acuta,Carex acuta
carex_acutiformis,Carex acutiformis
carex_appropinquata,Carex appropinquata
carex_arenaria,Carex arenaria
carex_bigelowii,Carex bigelowii
carex_binervis,Carex binervis
carex_canescens,Carex canescens
carex_capillaris,Carex capillaris
carex_caryophyllea,Carex caryophyllea
carex_dioica,Carex dioica
carex_distans,Carex distans
carex_disticha,Carex disticha
carex_divisa,Carex divisa
carex_echinata,Carex echinata
carex_elata,Carex elata
carex_extensa,Carex extensa
carex_flacca,Carex flacca
carex_flava_agg_,Carex flava agg.
carex_hirta,Carex hirta
carex_hostiana,Carex hostiana
carex_hostiana_x_viridula___c__x_fulva,Carex hostiana x viridula = C. x fulva
carex_humilis,Carex humilis
carex_laevigata,Carex laevigata
carex_lasiocarpa,Carex lasiocarpa
carex_leporina,Carex leporina
carex_limosa,Carex limosa
carex_muricata,Carex muricata
carex_muricata_subsp__pairae,Carex muricata subsp. pairae
carex_nigra,Carex nigra
carex_ornithopoda,Carex ornithopoda
carex_otrubae,Carex otrubae
carex_pallescens,Carex pallescens
carex_panicea,Carex panicea
carex_paniculata,Carex paniculata
carex_pendula,Carex pendula
carex_pilulifera,Carex pilulifera
carex_pseudocyperus,Carex pseudocyperus
carex_pulicaris,Carex pulicaris
carex_punctata,Carex punctata
carex_remota,Carex remota
carex_riparia,Carex riparia
carex_rostrata,Carex rostrata
carex_spicata,Carex spicata
carex_sylvatica,Carex sylvatica
carex_vesicaria,Carex vesicaria
carex_viridula,Carex viridula
carex_viridula_subsp__brachyrrhyncha,Carex viridula subsp. brachyrrhyncha
carex_viridula_subsp__oedocarpa,Carex viridula subsp. oedocarpa
carex_viridula_subsp__viridula,Carex viridula subsp. viridula
carlina_vulgaris,Carlina vulgaris
carpinus_betulus,Carpinus betulus
castanea_sativa,Castanea sativa
catapodium_marinum,Catapodium marinum
catapodium_rigidum,Catapodium rigidum
celosia_cristata,Celosia cristata
centaurea,Centaurea
centaurea_nigra,Centaurea nigra
centaurea_scabiosa,Centaurea scabiosa
centaurium,Centaurium
centaurium_erythraea,Centaurium erythraea
centaurium_littorale,Centaurium littorale
centaurium_pulchellum,Centaurium pulchellum
cephalozia,Cephalozia
cephalozia_bicuspidata,Cephalozia bicuspidata
cephalozia_connivens,Cephalozia connivens
cephalozia_lunulifolia,Cephalozia lunulifolia
cephaloziella,Cephaloziella
cephaloziella_divaricata,Cephaloziella divaricata
cephaloziella_hampeana,Cephaloziella hampeana
cerastium,Cerastium
cerastium_arvense,Cerastium arvense
cerastium_diffusum,Cerastium diffusum
cerastium_fontanum,Cerastium fontanum
cerastium_fontanum_subsp__vulgare,Cerastium fontanum subsp. vulgare
cerastium_glomeratum,Cerastium glomeratum
cerastium_pumilum,Cerastium pumilum
cerastium_semidecandrum,Cerastium semidecandrum
ceratocapnos_claviculata,Ceratocapnos claviculata
ceratodon_purpureus,Ceratodon purpureus
chaerophyllum_temulum,Chaerophyllum temulum
chamaemelum_nobile,Chamaemelum nobile
chamerion_angustifolium,Chamerion angustifolium
chara,Chara
chenopodium,Chenopodium
chenopodium_album,Chenopodium album
chiloscyphus_pallescens,Chiloscyphus pallescens
chrysanthemum,Chrysanthemum
chrysosplenium_alternifolium,Chrysosplenium alternifolium
chrysosplenium_oppositifolium,Chrysosplenium oppositifolium
circaea_lutetiana,Circaea lutetiana
cirriphyllum_crassinervium,Cirriphyllum crassinervium
cirriphyllum_piliferum,Cirriphyllum piliferum
cirsium,Cirsium
cirsium_acaule,Cirsium acaule
cirsium_arvense,Cirsium arvense
cirsium_dissectum,Cirsium dissectum
cirsium_palustre,Cirsium palustre
cirsium_vulgare,Cirsium vulgare
cistaceae,Cistaceae
cladium_mariscus,Cladium mariscus
claytonia_perfoliata,Claytonia perfoliata
clematis,Clematis
clematis_vitalba,Clematis vitalba
climacium_dendroides,Climacium dendroides
clinopodium,Clinopodium
clinopodium_acinos,Clinopodium acinos
clinopodium_ascendens,Clinopodium ascendens
clinopodium_vulgare,Clinopodium vulgare
cochlearia,Cochlearia
cochlearia_anglica,Cochlearia anglica
cochlearia_officinalis,Cochlearia officinalis
coeloglossum_viride,Coeloglossum viride
conium_maculatum,Conium maculatum
conocephalum_conicum,Conocephalum conicum
conopodium_majus,Conopodium majus
convallaria_majalis,Convallaria majalis
convolvulus_arvensis,Convolvulus arvensis
conyza_canadensis,Conyza canadensis
cornus_sanguinea,Cornus sanguinea
corylus_avellana,Corylus avellana
cotoneaster,Cotoneaster
crataegus,Crataegus
crataegus_laevigata,Crataegus laevigata
crataegus_monogyna,Crataegus monogyna
cratoneuron_filicinum,Cratoneuron filicinum
crepis,Crepis
crepis_biennis,Crepis biennis
crepis_capillaris,Crepis capillaris
crepis_paludosa,Crepis paludosa
crepis_tectorum,Crepis tectorum
crepis_vesicaria,Crepis vesicaria
crocosmia_pottsii_x_aurea___c__x_crocosmiiflora,Crocosmia pottsii x aurea = C. x crocosmiiflora
cruciata_laevipes,Cruciata laevipes
ctenidium_molluscum,Ctenidium molluscum
cuscuta,Cuscuta
cuscuta_epithymum,Cuscuta epithymum
cynoglossum,Cynoglossum
cynoglossum_officinale,Cynoglossum officinale
cynosurus_cristatus,Cynosurus cristatus
cystopteris_fragilis,Cystopteris fragilis
cytisus_scoparius,Cytisus scoparius
dactylis_glomerata,Dactylis glomerata
dactylorhiza,Dactylorhiza
dactylorhiza_fuchsii,Dactylorhiza fuchsii
dactylorhiza_fuchsii_x_praetermissa___d__x_grandis,Dactylorhiza fuchsii x praetermissa = D. x grandis
dactylorhiza_incarnata,Dactylorhiza incarnata
dactylorhiza_maculata,Dactylorhiza maculata
dactylorhiza_maculata_subsp__ericetorum,Dactylorhiza maculata subsp. ericetorum
dactylorhiza_praetermissa,Dactylorhiza praetermissa
dactylorhiza_purpurella,Dactylorhiza purpurella
danthonia_decumbens,Danthonia decumbens
daucus_carota,Daucus carota
daucus_carota_subsp__gummifer,Daucus carota subsp. gummifer
deschampsia_cespitosa,Deschampsia cespitosa
deschampsia_cespitosa_subsp__cespitosa,Deschampsia cespitosa subsp. cespitosa
deschampsia_flexuosa,Deschampsia flexuosa
dichodontium_palustre,Dichodontium palustre
dicranella,Dicranella
dicranella_heteromalla,Dicranella heteromalla
dicranella_varia,Dicranella varia
dicranum,Dicranum
dicranum_bonjeanii,Dicranum bonjeanii
dicranum_flagellare,Dicranum flagellare
dicranum_fuscescens,Dicranum fuscescens
dicranum_majus,Dicranum majus
dicranum_scoparium,Dicranum scoparium
dicranum_undulatum,Dicranum undulatum
didymodon_fallax,Didymodon fallax
didymodon_vinealis,Didymodon vinealis
digitalis_purpurea,Digitalis purpurea
dioscorea_communis,Dioscorea communis
diphasiastrum_alpinum,Diphasiastrum alpinum
diphyscium_foliosum,Diphyscium foliosum
diplophyllum_albicans,Diplophyllum albicans
ditrichum_heteromallum,Ditrichum heteromallum
drepanocladus,Drepanocladus
drepanocladus_aduncus,Drepanocladus aduncus
drosera_intermedia,Drosera intermedia
drosera_rotundifolia,Drosera rotundifolia
dryopteris,Dryopteris
dryopteris_affinis,Dryopteris affinis
dryopteris_borreri,Dryopteris borreri
dryopteris_carthusiana,Dryopteris carthusiana
dryopteris_dilatata,Dryopteris dilatata
dryopteris_filix_mas,Dryopteris filix-mas
echium_vulgare,Echium vulgare
eleocharis,Eleocharis
eleocharis_multicaulis,Eleocharis multicaulis
eleocharis_palustris,Eleocharis palustris
eleocharis_quinqueflora,Eleocharis quinqueflora
eleocharis_uniglumis,Eleocharis uniglumis
eleogiton_fluitans,Eleogiton fluitans
elodea_nuttallii,Elodea nuttallii
elymus_caninus,Elymus caninus
elytrigia,Elytrigia
elytrigia_atherica,Elytrigia atherica
elytrigia_juncea,Elytrigia juncea
elytrigia_repens,Elytrigia repens
empetrum_nigrum,Empetrum nigrum
empetrum_nigrum_subsp__nigrum,Empetrum nigrum subsp. nigrum
encalypta_streptocarpa,Encalypta streptocarpa
entodon_concinnus,Entodon concinnus
epilobium,Epilobium
epilobium_ciliatum,Epilobium ciliatum
epilobium_hirsutum,Epilobium hirsutum
epilobium_montanum,Epilobium montanum
epilobium_obscurum,Epilobium obscurum
epilobium_palustre,Epilobium palustre
epilobium_parviflorum,Epilobium parviflorum
epilobium_tetragonum,Epilobium tetragonum
epipactis,Epipactis
epipactis_dunensis,Epipactis dunensis
epipactis_helleborine,Epipactis helleborine
epipactis_palustris,Epipactis palustris
equisetum,Equisetum
equisetum_arvense,Equisetum arvense
equisetum_fluviatile,Equisetum fluviatile
equisetum_palustre,Equisetum palustre
equisetum_variegatum,Equisetum variegatum
erica,Erica
erica_cinerea,Erica cinerea
erica_tetralix,Erica tetralix
erica_vagans,Erica vagans
erigeron_acris,Erigeron acris
eriophorum_angustifolium,Eriophorum angustifolium
eriophorum_latifolium,Eriophorum latifolium
eriophorum_vaginatum,Eriophorum vaginatum
erodium,Erodium
erodium_cicutarium,Erodium cicutarium
erodium_lebelii,Erodium lebelii
erophila,Erophila
erophila_verna,Erophila verna
euonymus_europaeus,Euonymus europaeus
eupatorium_cannabinum,Eupatorium cannabinum
euphorbia,Euphorbia
euphorbia_amygdaloides,Euphorbia amygdaloides
euphorbia_amygdaloides_subsp__amygdaloides,Euphorbia amygdaloides subsp. amygdaloides
euphorbia_paralias,Euphorbia paralias
euphorbia_portlandica,Euphorbia portlandica
euphrasia,Euphrasia
euphrasia_nemorosa,Euphrasia nemorosa
euphrasia_officinalis_subsp__monticola,Euphrasia officinalis subsp. monticola
euphrasia_tetraquetra,Euphrasia tetraquetra
eurhynchium,Eurhynchium
eurhynchium_striatum,Eurhynchium striatum
fagus_sylvatica,Fagus sylvatica
fallopia_convolvulus,Fallopia convolvulus
festuca,Festuca
festuca_altissima,Festuca altissima
festuca_arundinacea,Festuca arundinacea
festuca_filiformis,Festuca filiformis
festuca_gigantea,Festuca gigantea
festuca_ovina,Festuca ovina
festuca_ovina_agg_,Festuca ovina agg.
festuca_pratensis,Festuca pratensis
festuca_pratensis_x_lolium_perenne___x_festulolium_loliaceum,Festuca pratensis x Lolium perenne = X Festulolium loliaceum
festuca_rubra,Festuca rubra
festuca_rubra_agg_,Festuca rubra agg.
festuca_vivipara,Festuca vivipara
ficaria_verna,Ficaria verna
filipendula_ulmaria,Filipendula ulmaria
filipendula_vulgaris,Filipendula vulgaris
fissidens,Fissidens
fissidens_adianthoides,Fissidens adianthoides
fissidens_bryoides_var__bryoides,Fissidens bryoides var. bryoides
fissidens_dubius,Fissidens dubius
fissidens_osmundoides,Fissidens osmundoides
fissidens_taxifolius,Fissidens taxifolius
flexitrichum_flexicaule,Flexitrichum flexicaule
flexitrichum_gracile,Flexitrichum gracile
fragaria_vesca,Fragaria vesca
frangula_alnus,Frangula alnus
fraxinus_excelsior,Fraxinus excelsior
frullania,Frullania
frullania_dilatata,Frullania dilatata
frullania_tamarisci,Frullania tamarisci
fucus,Fucus
fuligo_septica,Fuligo septica
funaria,Funaria
funaria_hygrometrica,Funaria hygrometrica
galeopsis_tetrahit,Galeopsis tetrahit
galium,Galium
galium_aparine,Galium aparine
galium_boreale,Galium boreale
galium_mollugo,Galium mollugo
galium_mollugo_subsp__erectum,Galium mollugo subsp. erectum
galium_odoratum,Galium odoratum
galium_palustre,Galium palustre
galium_saxatile,Galium saxatile
galium_sterneri,Galium sterneri
galium_uliginosum,Galium uliginosum
galium_verum,Galium verum
genista_anglica,Genista anglica
genista_pilosa,Genista pilosa
genista_tinctoria,Genista tinctoria
genista_tinctoria_subsp__littoralis,Genista tinctoria subsp. littoralis
gentianella,Gentianella
gentianella_amarella,Gentianella amarella
gentianella_amarella_subsp__septentrionalis,Gentianella amarella subsp. septentrionalis
geranium,Geranium
geranium_columbinum,Geranium columbinum
geranium_dissectum,Geranium dissectum
geranium_molle,Geranium molle
geranium_pusillum,Geranium pusillum
geranium_robertianum,Geranium robertianum
geranium_rotundifolium,Geranium rotundifolium
geranium_sanguineum,Geranium sanguineum
geranium_sylvaticum,Geranium sylvaticum
geum,Geum
geum_rivale,Geum rivale
geum_urbanum,Geum urbanum
glaux_maritima,Glaux maritima
glechoma_hederacea,Glechoma hederacea
glyceria,Glyceria
glyceria_declinata,Glyceria declinata
glyceria_fluitans,Glyceria fluitans
glyceria_maxima,Glyceria maxima
gnaphalium_uliginosum,Gnaphalium uliginosum
grimmia,Grimmia
grimmia_donniana,Grimmia donniana
grimmia_lisae,Grimmia lisae
grimmia_pulvinata,Grimmia pulvinata
gymnadenia_borealis,Gymnadenia borealis
gymnadenia_conopsea,Gymnadenia conopsea
gymnocarpium_robertianum,Gymnocarpium robertianum
gymnocolea_inflata,Gymnocolea inflata
hedera_helix,Hedera helix
hedera_hibernica,Hedera hibernica
helianthemum_nummularium,Helianthemum nummularium
helictotrichon,Helictotrichon
helictotrichon_pratense,Helictotrichon pratense
helictotrichon_pubescens,Helictotrichon pubescens
heracleum_sphondylium,Heracleum sphondylium
herniaria_ciliolata,Herniaria ciliolata
hieracium,Hieracium
hieracium_umbellatum,Hieracium umbellatum
hieracium_vulgatum,Hieracium vulgatum
hippocrepis_comosa,Hippocrepis comosa
hippophae_rhamnoides,Hippophae rhamnoides
hippuris_vulgaris,Hippuris vulgaris
holcus_lanatus,Holcus lanatus
holcus_mollis,Holcus mollis
homalothecium_lutescens,Homalothecium lutescens
homalothecium_sericeum,Homalothecium sericeum
honckenya_peploides,Honckenya peploides
hookeria_lucens,Hookeria lucens
hordeum_secalinum,Hordeum secalinum
huperzia_selago,Huperzia selago
hyacinthoides,Hyacinthoides
hyacinthoides_non_scripta,Hyacinthoides non-scripta
hydrocotyle_vulgaris,Hydrocotyle vulgaris
hygroamblystegium_varium,Hygroamblystegium varium
hylocomiadelphus_triquetrus,Hylocomiadelphus triquetrus
hylocomium_splendens,Hylocomium splendens
hypericum,Hypericum
hypericum_androsaemum,Hypericum androsaemum
hypericum_hirsutum,Hypericum hirsutum
hypericum_humifusum,Hypericum humifusum
hypericum_montanum,Hypericum montanum
hypericum_perforatum,Hypericum perforatum
hypericum_pulchrum,Hypericum pulchrum
hypericum_tetrapterum,Hypericum tetrapterum
hypnum,Hypnum
hypnum_cupressiforme,Hypnum cupressiforme
hypnum_cupressiforme_var__cupressiforme,Hypnum cupressiforme var. cupressiforme
hypnum_cupressiforme_var__lacunosum,Hypnum cupressiforme var. lacunosum
hypnum_imponens,Hypnum imponens
hypnum_jutlandicum,Hypnum jutlandicum
hypochaeris,Hypochaeris
hypochaeris_glabra,Hypochaeris glabra
hypochaeris_maculata,Hypochaeris maculata
hypochaeris_radicata,Hypochaeris radicata
ilex,Ilex
ilex_aquifolium,Ilex aquifolium
impatiens_capensis,Impatiens capensis
impatiens_glandulifera,Impatiens glandulifera
inula_conyzae,Inula conyzae
iris_foetidissima,Iris foetidissima
iris_pseudacorus,Iris pseudacorus
isolepis_cernua,Isolepis cernua
isolepis_setacea,Isolepis setacea
isopaches_bicrenatus,Isopaches bicrenatus
isothecium_alopecuroides,Isothecium alopecuroides
isothecium_myosuroides,Isothecium myosuroides
jacobaea_aquatica,Jacobaea aquatica
jacobaea_erucifolia,Jacobaea erucifolia
jacobaea_vulgaris,Jacobaea vulgaris
jasione_montana,Jasione montana
juncus,Juncus
juncus_acutiflorus,Juncus acutiflorus
juncus_acutus,Juncus acutus
juncus_articulatus,Juncus articulatus
juncus_bufonius,Juncus bufonius
juncus_bufonius_agg_,Juncus bufonius agg.
juncus_bulbosus,Juncus bulbosus
juncus_capitatus,Juncus capitatus
juncus_compressus,Juncus compressus
juncus_conglomeratus,Juncus conglomeratus
juncus_effusus,Juncus effusus
juncus_effusus_var__effusus,Juncus effusus var. effusus
juncus_effusus_var__subglomeratus,Juncus effusus var. subglomeratus
juncus_gerardii,Juncus gerardii
juncus_inflexus,Juncus inflexus
juncus_maritimus,Juncus maritimus
juncus_pygmaeus,Juncus pygmaeus
juncus_squarrosus,Juncus squarrosus
juncus_subnodulosus,Juncus subnodulosus
juncus_tenuis,Juncus tenuis
jungermannia,Jungermannia
jungermannia_atrovirens,Jungermannia atrovirens
juniperus_communis_subsp__communis,Juniperus communis subsp. communis
juniperus_communis_subsp__hemisphaerica,Juniperus communis subsp. hemisphaerica
kandaea_elodes,Kandaea elodes
kindbergia_praelonga,Kindbergia praelonga
knautia_arvensis,Knautia arvensis
koeleria_macrantha,Koeleria macrantha
kurzia,Kurzia
kurzia_pauciflora,Kurzia pauciflora
lactuca,Lactuca
lactuca_serriola,Lactuca serriola
lactuca_virosa,Lactuca virosa
lamiastrum_galeobdolon_subsp__montanum,Lamiastrum galeobdolon subsp. montanum
lamium_album,Lamium album
lamium_purpureum,Lamium purpureum
lapsana_communis,Lapsana communis
larix,Larix
larix_decidua,Larix decidua
larix_kaempferi,Larix kaempferi
lathyrus,Lathyrus
lathyrus_aphaca,Lathyrus aphaca
lathyrus_japonicus_subsp__maritimus,Lathyrus japonicus subsp. maritimus
lathyrus_linifolius,Lathyrus linifolius
lathyrus_palustris,Lathyrus palustris
lathyrus_pratensis,Lathyrus pratensis
lathyrus_tuberosus,Lathyrus tuberosus
lemna_minor,Lemna minor
lemna_trisulca,Lemna trisulca
leontodon,Leontodon
leontodon_hispidus,Leontodon hispidus
leontodon_saxatilis,Leontodon saxatilis
lepidozia_reptans,Lepidozia reptans
leptodictyum_riparium,Leptodictyum riparium
leptodontium_flexifolium,Leptodontium flexifolium
leucanthemum_vulgare,Leucanthemum vulgare
leucobryum,Leucobryum
leucobryum_glaucum,Leucobryum glaucum
lewinskya_affinis,Lewinskya affinis
leymus_arenarius,Leymus arenarius
ligustrum,Ligustrum
ligustrum_vulgare,Ligustrum vulgare
limonium_binervosum,Limonium binervosum
limonium_humile,Limonium humile
limonium_vulgare,Limonium vulgare
linaria_arenaria,Linaria arenaria
linaria_vulgaris,Linaria vulgaris
linum_bienne,Linum bienne
linum_catharticum,Linum catharticum
lithospermum_officinale,Lithospermum officinale
littorella_uniflora,Littorella uniflora
lolium,Lolium
lolium_multiflorum,Lolium multiflorum
lolium_perenne,Lolium perenne
lolium_perenne_x_multiflorum___l__x_boucheanum,Lolium perenne x multiflorum = L. x boucheanum
lonicera_periclymenum,Lonicera periclymenum
lophocolea,Lophocolea
lophocolea_bidentata,Lophocolea bidentata
lophocolea_heterophylla,Lophocolea heterophylla
lophozia,Lophozia
lophozia_ventricosa,Lophozia ventricosa
lotus,Lotus
lotus_corniculatus,Lotus corniculatus
lotus_corniculatus_var__corniculatus,Lotus corniculatus var. corniculatus
lotus_pedunculatus,Lotus pedunculatus
luzula,Luzula
luzula_campestris,Luzula campestris
luzula_multiflora,Luzula multiflora
luzula_multiflora_subsp__congesta,Luzula multiflora subsp. congesta
luzula_multiflora_subsp__multiflora,Luzula multiflora subsp. multiflora
luzula_pilosa,Luzula pilosa
luzula_sylvatica,Luzula sylvatica
lycopodiella_inundata,Lycopodiella inundata
lycopodium_clavatum,Lycopodium clavatum
lycopus_europaeus,Lycopus europaeus
lysimachia_nemorum,Lysimachia nemorum
lysimachia_nummularia,Lysimachia nummularia
lysimachia_vulgaris,Lysimachia vulgaris
lythrum_portula,Lythrum portula
lythrum_salicaria,Lythrum salicaria
malus_sylvestris,Malus sylvestris
marchantia_polymorpha,Marchantia polymorpha
marchantia_quadrata,Marchantia quadrata
marchantiophyta,Marchantiophyta
marchantiopsida,Marchantiopsida
marsupella_emarginata,Marsupella emarginata
matricaria_chamomilla,Matricaria chamomilla
medicago_lupulina,Medicago lupulina
melampyrum_pratense,Melampyrum pratense
melampyrum_pratense_pratense_hians,Melampyrum pratense pratense hians
melica_uniflora,Melica uniflora
melilotus,Melilotus
melilotus_officinalis,Melilotus officinalis
mentha,Mentha
mentha_aquatica,Mentha aquatica
mentha_arvensis,Mentha arvensis
mentha_arvensis_x_aquatica___m__x_verticillata,Mentha arvensis x aquatica = M. x verticillata
menyanthes_trifoliata,Menyanthes trifoliata
mercurialis_perennis,Mercurialis perennis
metzgeria_furcata,Metzgeria furcata
milium_effusum,Milium effusum
minuartia_verna,Minuartia verna
mnium,Mnium
mnium_hornum,Mnium hornum
mnium_marginatum,Mnium marginatum
mnium_stellare,Mnium stellare
moehringia_trinervia,Moehringia trinervia
molinia_caerulea,Molinia caerulea
molinia_caerulea_subsp__caerulea,Molinia caerulea subsp. caerulea
mycelis_muralis,Mycelis muralis
mylia_anomala,Mylia anomala
mylia_taylorii,Mylia taylorii
myosotis,Myosotis
myosotis_arvensis,Myosotis arvensis
myosotis_discolor,Myosotis discolor
myosotis_laxa,Myosotis laxa
myosotis_laxa_subsp__caespitosa,Myosotis laxa subsp. caespitosa
myosotis_ramosissima,Myosotis ramosissima
myosotis_scorpioides,Myosotis scorpioides
myosotis_secunda,Myosotis secunda
myosotis_sylvatica,Myosotis sylvatica
myrica_gale,Myrica gale
myrtaceae,Myrtaceae
nardia_scalaris,Nardia scalaris
nardus_stricta,Nardus stricta
narthecium_ossifragum,Narthecium ossifragum
neckera_complanata,Neckera complanata
neckera_crispa,Neckera crispa
neottia_cordata,Neottia cordata
neottia_ovata,Neottia ovata
nostoc,Nostoc
odontites_vernus,Odontites vernus
odontoschisma,Odontoschisma
odontoschisma_fluitans,Odontoschisma fluitans
odontoschisma_sphagni,Odontoschisma sphagni
oenanthe,Oenanthe
oenanthe_crocata,Oenanthe crocata
oenanthe_fistulosa,Oenanthe fistulosa
oenanthe_lachenalii,Oenanthe lachenalii
oenanthe_pimpinelloides,Oenanthe pimpinelloides
oenanthe_silaifolia,Oenanthe silaifolia
oenothera,Oenothera
oenothera_biennis,Oenothera biennis
oenothera_glazioviana,Oenothera glazioviana
ononis_repens,Ononis repens
ophioglossum_vulgatum,Ophioglossum vulgatum
orchidaceae,Orchidaceae
orchis_mascula,Orchis mascula
oreopteris_limbosperma,Oreopteris limbosperma
origanum,Origanum
origanum_vulgare,Origanum vulgare
orobanche_alba,Orobanche alba
orthocaulis_attenuatus,Orthocaulis attenuatus
orthocaulis_floerkei,Orthocaulis floerkei
orthodontium_lineare,Orthodontium lineare
orthotrichum_anomalum,Orthotrichum anomalum
orthotrichum_diaphanum,Orthotrichum diaphanum
osmunda_regalis,Osmunda regalis
oxalis_acetosella,Oxalis acetosella
oxyrrhynchium_hians,Oxyrrhynchium hians
oxyrrhynchium_speciosum,Oxyrrhynchium speciosum
palustriella_commutata,Palustriella commutata
palustriella_falcata,Palustriella falcata
parapholis_strigosa,Parapholis strigosa
parentucellia_viscosa,Parentucellia viscosa
parnassia_palustris,Parnassia palustris
pastinaca_sativa,Pastinaca sativa
pedicularis_palustris,Pedicularis palustris
pedicularis_sylvatica,Pedicularis sylvatica
pellia,Pellia
pellia_endiviifolia,Pellia endiviifolia
pellia_epiphylla,Pellia epiphylla
persicaria_amphibia,Persicaria amphibia
persicaria_bistorta,Persicaria bistorta
persicaria_hydropiper,Persicaria hydropiper
persicaria_maculosa,Persicaria maculosa
phalaris_arundinacea,Phalaris arundinacea
philonotis_fontana,Philonotis fontana
phleum,Phleum
phleum_arenarium,Phleum arenarium
phleum_bertolonii,Phleum bertolonii
phleum_pratense,Phleum pratense
phragmites_australis,Phragmites australis
phyllitis_scolopendrium,Phyllitis scolopendrium
physcomitrium_pyriforme,Physcomitrium pyriforme
phyteuma_orbiculare,Phyteuma orbiculare
phyteuma_spicatum,Phyteuma spicatum
picea,Picea
picea_abies,Picea abies
picea_sitchensis,Picea sitchensis
picris,Picris
picris_echioides,Picris echioides
picris_hieracioides,Picris hieracioides
pilosella,Pilosella
pilosella_officinarum,Pilosella officinarum
pimpinella_major,Pimpinella major
pimpinella_saxifraga,Pimpinella saxifraga
pinguicula_lusitanica,Pinguicula lusitanica
pinguicula_vulgaris,Pinguicula vulgaris
pinophyta,Pinophyta
pinus,Pinus
pinus_nigra,Pinus nigra
pinus_sylvestris,Pinus sylvestris
plagiochila_asplenioides,Plagiochila asplenioides
plagiochila_porelloides_var__porelloides,Plagiochila porelloides var. porelloides
plagiomnium,Plagiomnium
plagiomnium_affine,Plagiomnium affine
plagiomnium_elatum,Plagiomnium elatum
plagiomnium_ellipticum,Plagiomnium ellipticum
plagiomnium_rostratum,Plagiomnium rostratum
plagiomnium_undulatum,Plagiomnium undulatum
plagiothecium,Plagiothecium
plagiothecium_curvifolium,Plagiothecium curvifolium
plagiothecium_denticulatum,Plagiothecium denticulatum
plagiothecium_denticulatum_var__denticulatum,Plagiothecium denticulatum var. denticulatum
plagiothecium_nemorale,Plagiothecium nemorale
plagiothecium_undulatum,Plagiothecium undulatum
plantago,Plantago
plantago_coronopus,Plantago coronopus
plantago_lanceolata,Plantago lanceolata
plantago_major,Plantago major
plantago_maritima,Plantago maritima
plantago_media,Plantago media
pleurozium_schreberi,Pleurozium schreberi
poa,Poa
poa_alpina,Poa alpina
poa_angustifolia,Poa angustifolia
poa_annua,Poa annua
poa_bulbosa,Poa bulbosa
poa_humilis,Poa humilis
poa_nemoralis,Poa nemoralis
poa_palustris,Poa palustris
poa_pratensis,Poa pratensis
poa_trivialis,Poa trivialis
pohlia,Pohlia
pohlia_melanodon,Pohlia melanodon
pohlia_nutans,Pohlia nutans
polygala,Polygala
polygala_calcarea,Polygala calcarea
polygala_serpyllifolia,Polygala serpyllifolia
polygala_vulgaris,Polygala vulgaris
polygonum_arenastrum,Polygonum arenastrum
polygonum_aviculare,Polygonum aviculare
polypodium,Polypodium
polypodium_vulgare,Polypodium vulgare
polystichum_aculeatum,Polystichum aculeatum
polystichum_setiferum,Polystichum setiferum
polytrichastrum,Polytrichastrum
polytrichastrum_alpinum,Polytrichastrum alpinum
polytrichum,Polytrichum
polytrichum_commune_s_l_,Polytrichum commune s.l.
polytrichum_formosum,Polytrichum formosum
polytrichum_juniperinum,Polytrichum juniperinum
polytrichum_longisetum,Polytrichum longisetum
polytrichum_perigoniale,Polytrichum perigoniale
polytrichum_piliferum,Polytrichum piliferum
polytrichum_strictum,Polytrichum strictum
populus,Populus
populus_tremula,Populus tremula
porella_platyphylla,Porella platyphylla
potamogeton,Potamogeton
potamogeton_coloratus,Potamogeton coloratus
potamogeton_polygonifolius,Potamogeton polygonifolius
potentilla,Potentilla
potentilla_anserina,Potentilla anserina
potentilla_erecta,Potentilla erecta
potentilla_palustris,Potentilla palustris
potentilla_reptans,Potentilla reptans
potentilla_sterilis,Potentilla sterilis
poterium_sanguisorba,Poterium sanguisorba
pottia,Pottia
primula_farinosa,Primula farinosa
primula_veris,Primula veris
primula_vulgaris,Primula vulgaris
prunella_vulgaris,Prunella vulgaris
prunus,Prunus
prunus_domestica,Prunus domestica
prunus_padus,Prunus padus
prunus_spinosa,Prunus spinosa
pseudocrossidium_hornschuchianum,Pseudocrossidium hornschuchianum
pseudoscleropodium_purum,Pseudoscleropodium purum
pseudotaxiphyllum_elegans,Pseudotaxiphyllum elegans
pseudotsuga_menziesii,Pseudotsuga menziesii
pteridium_aquilinum,Pteridium aquilinum
pteridophyta,Pteridophyta
ptilidium_ciliare,Ptilidium ciliare
puccinellia,Puccinellia
puccinellia_maritima,Puccinellia maritima
pulicaria_dysenterica,Pulicaria dysenterica
pyrola_minor,Pyrola minor
pyrola_rotundifolia,Pyrola rotundifolia
quercus,Quercus
quercus_cerris,Quercus cerris
quercus_petraea,Quercus petraea
quercus_petraea_x_robur___q__x_rosacea,Quercus petraea x robur = Q. x rosacea
quercus_robur,Quercus robur
racomitrium,Racomitrium
racomitrium_elongatum,Racomitrium elongatum
racomitrium_fasciculare,Racomitrium fasciculare
racomitrium_heterostichum,Racomitrium heterostichum
racomitrium_lanuginosum,Racomitrium lanuginosum
racomitrium_sudeticum,Racomitrium sudeticum
radiola_linoides,Radiola linoides
radula_complanata,Radula complanata
ranunculus,Ranunculus
ranunculus_acris,Ranunculus acris
ranunculus_bulbosus,Ranunculus bulbosus
ranunculus_flammula,Ranunculus flammula
ranunculus_flammula_subsp__flammula,Ranunculus flammula subsp. flammula
ranunculus_lingua,Ranunculus lingua
ranunculus_repens,Ranunculus repens
ranunculus_sardous,Ranunculus sardous
ranunculus_sceleratus,Ranunculus sceleratus
ranunculus_tripartitus,Ranunculus tripartitus
reseda_lutea,Reseda lutea
reseda_luteola,Reseda luteola
rhamnus,Rhamnus
rhamnus_cathartica,Rhamnus cathartica
rhinanthus,Rhinanthus
rhinanthus_minor,Rhinanthus minor
rhinanthus_minor_subsp__minor,Rhinanthus minor subsp. minor
rhizomnium,Rhizomnium
rhizomnium_pseudopunctatum,Rhizomnium pseudopunctatum
rhizomnium_punctatum,Rhizomnium punctatum
rhododendron_ponticum,Rhododendron ponticum
rhynchospora_alba,Rhynchospora alba
rhynchostegium_confertum,Rhynchostegium confertum
rhytidiadelphus,Rhytidiadelphus
rhytidiadelphus_loreus,Rhytidiadelphus loreus
rhytidiadelphus_squarrosus,Rhytidiadelphus squarrosus
rhytidium_rugosum,Rhytidium rugosum
ribes,Ribes
ribes_nigrum,Ribes nigrum
riccardia,Riccardia
riccardia_chamedryfolia,Riccardia chamedryfolia
riccardia_latifrons,Riccardia latifrons
riccardia_multifida,Riccardia multifida
riccardia_palmata,Riccardia palmata
rorippa_sylvestris,Rorippa sylvestris
rosa,Rosa
rosa_arvensis,Rosa arvensis
rosa_canina,Rosa canina
rosa_canina_agg_,Rosa canina agg.
rosa_spinosissima,Rosa spinosissima
rubia_peregrina,Rubia peregrina
rubus,Rubus
rubus_caesius,Rubus caesius
rubus_chamaemorus,Rubus chamaemorus
rubus_fruticosus_agg_,Rubus fruticosus agg.
rubus_idaeus,Rubus idaeus
rubus_saxatilis,Rubus saxatilis
rumex,Rumex
rumex_acetosa,Rumex acetosa
rumex_acetosella,Rumex acetosella
rumex_acetosella_subsp__acetosella,Rumex acetosella subsp. acetosella
rumex_conglomeratus,Rumex conglomeratus
rumex_crispus,Rumex crispus
rumex_hydrolapathum,Rumex hydrolapathum
rumex_maritimus,Rumex maritimus
rumex_obtusifolius,Rumex obtusifolius
rumex_palustris,Rumex palustris
rumex_rupestris,Rumex rupestris
rumex_sanguineus,Rumex sanguineus
sagina,Sagina
sagina_apetala,Sagina apetala
sagina_nodosa,Sagina nodosa
sagina_procumbens,Sagina procumbens
sagina_subulata,Sagina subulata
salicornia_aggregate,Salicornia aggregate
salix,Salix
salix_aurita,Salix aurita
salix_caprea,Salix caprea
salix_caprea_x_cinerea___s__x_reichardtii,Salix caprea x cinerea = S. x reichardtii
salix_cinerea,Salix cinerea
salix_cinerea_subsp__cinerea,Salix cinerea subsp. cinerea
salix_cinerea_subsp__oleifolia,Salix cinerea subsp. oleifolia
salix_cinerea_x_aurita___s__x_multinervis,Salix cinerea x aurita = S. x multinervis
salix_repens,Salix repens
salvia_verbenaca,Salvia verbenaca
sambucus_nigra,Sambucus nigra
samolus_valerandi,Samolus valerandi
sanguisorba,Sanguisorba
sanguisorba_officinalis,Sanguisorba officinalis
sanicula_europaea,Sanicula europaea
sanionia_uncinata,Sanionia uncinata
sarcocornia_perennis,Sarcocornia perennis
sarmentypnum_exannulatum,Sarmentypnum exannulatum
saxifraga_stellaris,Saxifraga stellaris
scabiosa_columbaria,Scabiosa columbaria
scapania,Scapania
scapania_aspera,Scapania aspera
scapania_gracilis,Scapania gracilis
scapania_irrigua,Scapania irrigua
scapania_nemorea,Scapania nemorea
scapania_undulata,Scapania undulata
schistidium,Schistidium
schistidium_crassipilum,Schistidium crassipilum
schistochilopsis_incisa,Schistochilopsis incisa
schoenoplectus_tabernaemontani,Schoenoplectus tabernaemontani
schoenus_nigricans,Schoenus nigricans
scilla_autumnalis,Scilla autumnalis
scilla_verna,Scilla verna
scleropodium,Scleropodium
scorpidium_cossonii,Scorpidium cossonii
scorpidium_revolvens,Scorpidium revolvens
scorpidium_scorpioides,Scorpidium scorpioides
scorpiurium_circinatum,Scorpiurium circinatum
scorzoneroides_autumnalis,Scorzoneroides autumnalis
scrophularia,Scrophularia
scrophularia_auriculata,Scrophularia auriculata
scrophularia_nodosa,Scrophularia nodosa
scutellaria_galericulata,Scutellaria galericulata
scutellaria_minor,Scutellaria minor
sedum,Sedum
sedum_acre,Sedum acre
sedum_album,Sedum album
sedum_anglicum,Sedum anglicum
selaginella_selaginoides,Selaginella selaginoides
selinum_carvifolia,Selinum carvifolia
senecio_squalidus,Senecio squalidus
senecio_sylvaticus,Senecio sylvaticus
senecio_vulgaris,Senecio vulgaris
serratula,Serratula
serratula_tinctoria,Serratula tinctoria
sesleria_caerulea,Sesleria caerulea
sherardia_arvensis,Sherardia arvensis
silaum_silaus,Silaum silaus
silene,Silene
silene_dioica,Silene dioica
silene_flos_cuculi,Silene flos-cuculi
silene_latifolia,Silene latifolia
silene_uniflora,Silene uniflora
sison_amomum,Sison amomum
sium_latifolium,Sium latifolium
solanum_dulcamara,Solanum dulcamara
solidago_virgaurea,Solidago virgaurea
sonchus,Sonchus
sonchus_arvensis,Sonchus arvensis
sonchus_asper,Sonchus asper
sonchus_oleraceus,Sonchus oleraceus
sorbus_aria,Sorbus aria
sorbus_aucuparia,Sorbus aucuparia
sorbus_torminalis,Sorbus torminalis
sparganium_erectum,Sparganium erectum
spartina,Spartina
spartina_anglica,Spartina anglica
spergularia,Spergularia
spergularia_marina,Spergularia marina
spergularia_media,Spergularia media
spergularia_rubra,Spergularia rubra
sphagnum,Sphagnum
sphagnum_angustifolium,Sphagnum angustifolium
sphagnum_auriculatum,Sphagnum auriculatum
sphagnum_capillifolium,Sphagnum capillifolium
sphagnum_compactum,Sphagnum compactum
sphagnum_cuspidatum,Sphagnum cuspidatum
sphagnum_denticulatum,Sphagnum denticulatum
sphagnum_fallax,Sphagnum fallax
sphagnum_fimbriatum,Sphagnum fimbriatum
sphagnum_inundatum,Sphagnum inundatum
sphagnum_magellanicum,Sphagnum magellanicum
sphagnum_palustre,Sphagnum palustre
sphagnum_papillosum,Sphagnum papillosum
sphagnum_platyphyllum,Sphagnum platyphyllum
sphagnum_quinquefarium,Sphagnum quinquefarium
sphagnum_recurvum,Sphagnum recurvum
sphagnum_rubellum,Sphagnum rubellum
sphagnum_russowii,Sphagnum russowii
sphagnum_squarrosum,Sphagnum squarrosum
sphagnum_subnitens,Sphagnum subnitens
sphagnum_subnitens_subsp__subnitens,Sphagnum subnitens subsp. subnitens
sphagnum_tenellum,Sphagnum tenellum
spirodela_polyrhiza,Spirodela polyrhiza
splachnum_sphaericum,Splachnum sphaericum
stachys_arvensis,Stachys arvensis
stachys_officinalis,Stachys officinalis
stachys_palustris,Stachys palustris
stachys_sylvatica,Stachys sylvatica
stellaria,Stellaria
stellaria_alsine,Stellaria alsine
stellaria_graminea,Stellaria graminea
stellaria_holostea,Stellaria holostea
stellaria_media,Stellaria media
stellaria_palustris,Stellaria palustris
straminergon_stramineum,Straminergon stramineum
streblotrichum_convolutum,Streblotrichum convolutum
suaeda_maritima,Suaeda maritima
succisa_pratensis,Succisa pratensis
symphytum,Symphytum
symphytum_officinale,Symphytum officinale
syntrichia,Syntrichia
syntrichia_ruraliformis,Syntrichia ruraliformis
syntrichia_ruralis,Syntrichia ruralis
syntrichia_ruralis_var__ruralis,Syntrichia ruralis var. ruralis
taraxacum,Taraxacum
taraxacum_brachyglossum,Taraxacum brachyglossum
taraxacum_erythrosperma,Taraxacum erythrosperma
taraxacum_fulvum,Taraxacum fulvum
taraxacum_sect__palustria,Taraxacum sect. Palustria
taraxacum_sect__ruderalia,Taraxacum sect. Ruderalia
taxus_baccata,Taxus baccata
tetraphis_pellucida,Tetraphis pellucida
teucrium_scordium,Teucrium scordium
teucrium_scorodonia,Teucrium scorodonia
thalictrum_flavum,Thalictrum flavum
thalictrum_minus,Thalictrum minus
thamnobryum_alopecurum,Thamnobryum alopecurum
thelypteris_palustris,Thelypteris palustris
thesium_humifusum,Thesium humifusum
thuidium,Thuidium
thuidium_delicatulum,Thuidium delicatulum
thuidium_tamariscinum,Thuidium tamariscinum
thymus,Thymus
thymus_polytrichus,Thymus polytrichus
thymus_polytrichus_subsp__britannicus,Thymus polytrichus subsp. britannicus
thymus_pulegioides,Thymus pulegioides
thymus_serpyllum,Thymus serpyllum
thyselium_palustre,Thyselium palustre
torilis_japonica,Torilis japonica
torilis_nodosa,Torilis nodosa
tortella,Tortella
tortella_flavovirens,Tortella flavovirens
tortella_squarrosa,Tortella squarrosa
tortella_tortuosa,Tortella tortuosa
tortula,Tortula
tortula_muralis,Tortula muralis
tragopogon,Tragopogon
tragopogon_pratensis,Tragopogon pratensis
trichophorum_caespitosum,Trichophorum caespitosum
trichophorum_cespitosum_subsp__nothofoersteri__cespitosum_x_germanicum_,Trichophorum cespitosum subsp. nothofoersteri (cespitosum x germanicum)
trichophorum_germanicum,Trichophorum germanicum
trichostomum_brachydontium,Trichostomum brachydontium
trichostomum_crispulum,Trichostomum crispulum
trifolium,Trifolium
trifolium_arvense,Trifolium arvense
trifolium_bocconei,Trifolium bocconei
trifolium_campestre,Trifolium campestre
trifolium_dubium,Trifolium dubium
trifolium_fragiferum,Trifolium fragiferum
trifolium_glomeratum,Trifolium glomeratum
trifolium_hybridum,Trifolium hybridum
trifolium_medium,Trifolium medium
trifolium_micranthum,Trifolium micranthum
trifolium_occidentale,Trifolium occidentale
trifolium_ornithopodioides,Trifolium ornithopodioides
trifolium_pratense,Trifolium pratense
trifolium_repens,Trifolium repens
trifolium_scabrum,Trifolium scabrum
trifolium_squamosum,Trifolium squamosum
trifolium_striatum,Trifolium striatum
trifolium_strictum,Trifolium strictum
triglochin_maritimum,Triglochin maritimum
triglochin_palustre,Triglochin palustre
tripleurospermum_inodorum,Tripleurospermum inodorum
trisetum,Trisetum
trisetum_flavescens,Trisetum flavescens
triticum_aestivum,Triticum aestivum
trollius_europaeus,Trollius europaeus
tsuga_heterophylla,Tsuga heterophylla
typha_angustifolia,Typha angustifolia
typha_latifolia,Typha latifolia
ulex,Ulex
ulex_europaeus,Ulex europaeus
ulex_gallii,Ulex gallii
ulex_minor,Ulex minor
ulmus_glabra,Ulmus glabra
ulmus_procera,Ulmus procera
ulota_bruchii,Ulota bruchii
ulota_crispa,Ulota crispa
umbilicus_rupestris,Umbilicus rupestris
urtica,Urtica
urtica_dioica,Urtica dioica
urtica_dioica_subsp__dioica,Urtica dioica subsp. dioica
urtica_dioica_subsp__galeopsifolia,Urtica dioica subsp. galeopsifolia
urtica_urens,Urtica urens
vaccinium_myrtillus,Vaccinium myrtillus
vaccinium_oxycoccos,Vaccinium oxycoccos
vaccinium_vitis_idaea,Vaccinium vitis-idaea
valeriana_dioica,Valeriana dioica
valeriana_officinalis,Valeriana officinalis
valerianella_locusta,Valerianella locusta
verbascum_thapsus,Verbascum thapsus
veronica,Veronica
veronica_agrestis,Veronica agrestis
veronica_arvensis,Veronica arvensis
veronica_catenata,Veronica catenata
veronica_chamaedrys,Veronica chamaedrys
veronica_filiformis,Veronica filiformis
veronica_hederifolia,Veronica hederifolia
veronica_montana,Veronica montana
veronica_officinalis,Veronica officinalis
veronica_persica,Veronica persica
veronica_polita,Veronica polita
veronica_scutellata,Veronica scutellata
veronica_serpyllifolia,Veronica serpyllifolia
veronica_serpyllifolia_subsp__serpyllifolia,Veronica serpyllifolia subsp. serpyllifolia
viburnum_lantana,Viburnum lantana
viburnum_opulus,Viburnum opulus
vicia,Vicia
vicia_cracca,Vicia cracca
vicia_hirsuta,Vicia hirsuta
vicia_lathyroides,Vicia lathyroides
vicia_sativa,Vicia sativa
vicia_sativa_subsp__nigra,Vicia sativa subsp. nigra
vicia_sepium,Vicia sepium
vicia_tetrasperma,Vicia tetrasperma
viola,Viola
viola_arvensis,Viola arvensis
viola_canina,Viola canina
viola_hirta,Viola hirta
viola_lactea,Viola lactea
viola_lutea,Viola lutea
viola_odorata,Viola odorata
viola_palustris,Viola palustris
viola_riviniana,Viola riviniana
viola_riviniana_x_canina___v__x_intersita,Viola riviniana x canina = V. x intersita
viola_riviniana_x_lactea,Viola riviniana x lactea
viola_rupestris,Viola rupestris
viola_tricolor,Viola tricolor
viola_tricolor_subsp__curtisii,Viola tricolor subsp. curtisii
vulpia_bromoides,Vulpia bromoides
vulpia_fasciculata,Vulpia fasciculata
weissia,Weissia
weissia_controversa,Weissia controversa